comment_density,completeness,conciseness,accuracy,overall_score,line_count,identifier,doc_type,level,num_files
1.0,0.7,1.0,0.3439182337859403,0.7609795584464851,75,data/eval/gradient_descent_llm.py,LLM,file,
1.0,0.6666666666666666,0.4545454545454546,0.3360034301877022,0.6143038878499558,325,data/eval/convolution_neural_network.py,Human,file,
1.0,0.7,1.0,0.25203822180628777,0.738009555451572,39,data/eval/convolution_neural_network_llm.py,LLM,file,
1.0,0.6753227031131358,0.5961896873058605,0.3298962938391662,0.6503521710645406,439,Project Results,Mixed,project,3.0
